t,throttle,steering
1776901744.6206255,1.43,1.4
1776901748.0270805,1.43,-1.4
1776901751.5481365,0.0,0.0
