t,throttle,steering
1776901781.8569071,1.43,1.7
1776901784.8696694,1.43,-1.7
1776901787.8718953,0.0,0.0
