t,throttle,steering
1776901869.978048,1.43,2.3
1776901872.166548,1.43,-2.3
1776901874.6299672,0.0,0.0
