t,throttle,steering
1776901703.2821486,1.43,1.1
1776901707.0104744,1.43,-1.1
1776901710.4145732,0.0,0.0
