t,throttle,steering
1776901824.3512774,1.43,2.0
1776901827.1913507,1.43,-2.0
1776901830.037038,0.0,0.0
