t,throttle,steering
1776901912.481524,1.43,2.6
1776901914.7383072,1.43,-2.6
1776901917.409223,0.0,0.0
