t,throttle,steering
1776901953.2869442,1.43,2.9
1776901955.5526538,1.43,-2.9
1776901958.7514265,0.0,0.0
